[
  {
    "productName": "fix mower",
    "quantity": "1",
    "name": "Dad",
    "tip": "1",
    "specialRequests": ""
  },
  {
    "productName": "Mow weeds",
    "quantity": "1",
    "name": "Dad",
    "tip": "1",
    "specialRequests": ""
  },
  {
    "productName": "Coffee",
    "quantity": "1",
    "name": "Griff",
    "tip": "1",
    "coupon": "",
    "specialRequests": "W"
  },
  {
    "productName": "Come get my phone and then bring it back",
    "quantity": "1",
    "name": "Mom",
    "tip": "1.00",
    "coupon": "",
    "specialRequests": "I’d also like a can of the drinks I bought at happy Harry’s. They’re in a box in the bag on the floor."
  },
  {
    "productName": "Fill my Stanley ",
    "quantity": "1",
    "name": "Mom",
    "tip": "1.00",
    "coupon": "",
    "specialRequests": "I need my Stanley Cup rinsed out really good, filled with cold water and one packet of grape crystal light, with four ice cubes. I’d also like a splash of lemon in it."
  },
  {
    "productName": "Fill my Stanley ",
    "quantity": "1",
    "name": "Mom",
    "tip": "1.00",
    "coupon": "7654 5987",
    "specialRequests": "I need my Stanley Cup rinsed out really good, filled with cold water and one packet of grape crystal light, with four ice cubes. I’d also like a splash of lemon in it."
  }
]